1.000000000000000056e-01,4.198831010842992577e-07
2.249999900000000108e-01,4.509358084304846700e-07
3.499999899999999831e-01,6.835284275592507423e-07
4.749999899999999831e-01,1.081127781402597504e-06
6.000000199999999673e-01,1.575452712177204778e-06
7.250000199999999673e-01,1.705892628332806433e-06
8.500000199999999673e-01,2.141061795798262626e-06
9.750000199999999673e-01,3.379205413684983500e-06
1.100000000000000089e+00,1.851387752483158401e-06
1.225000000000000089e+00,5.191272595538381308e-07
1.350000000000000089e+00,2.945882385589193029e-07
1.475000000000000089e+00,2.994933442302641044e-07
1.600000000000000089e+00,2.083028137534059147e-07
1.725000000000000089e+00,1.872282113758431682e-07
1.850000000000000089e+00,2.629086292172474531e-07
1.975000000000000089e+00,1.923017153849716526e-07
2.099999899999999808e+00,1.564259461297545584e-07
2.224999899999999808e+00,1.932879893391770489e-07
2.349999899999999808e+00,1.960896947335391939e-07
2.474999899999999808e+00,2.277429859667667735e-07
2.599999899999999808e+00,3.277667270154575192e-07
2.724999899999999808e+00,3.523320918179592764e-07
2.849999899999999808e+00,2.982697581479992667e-07
2.974999899999999808e+00,3.503845296689682080e-07
3.099999899999999808e+00,1.998957675990883849e-07
3.224999899999999808e+00,2.096401339034081739e-07
3.349999899999999808e+00,2.648577130783836542e-07
3.474999899999999808e+00,1.749767812590296025e-07
3.599999899999999808e+00,8.084238612106763760e-08
3.724999899999999808e+00,5.556193664031739299e-08
3.849999899999999808e+00,4.476998331981648090e-08
3.974999899999999808e+00,4.991361362948584759e-08
4.099999899999999364e+00,4.620957179753035039e-08
4.224999900000000252e+00,3.588457251796663862e-08
4.349999900000000252e+00,2.552782655861651759e-08
4.474999900000000252e+00,2.678539556188764501e-08
4.599999900000000252e+00,2.369744456877777312e-08
4.724999900000000252e+00,2.066321246836825045e-08
4.849999900000000252e+00,1.022926770426898760e-08
4.974999900000000252e+00,8.713415213111375197e-09
5.099999900000000252e+00,1.188027102837444886e-08
5.224999900000000252e+00,1.479609750921103853e-08
5.349999900000000252e+00,1.258698450831264619e-08
5.474999900000000252e+00,1.077730923540267885e-08
5.599999900000000252e+00,9.604473833089535640e-09
5.724999900000000252e+00,8.583022560439081769e-09
5.849999900000000252e+00,1.654519209741937875e-08
5.974999900000000252e+00,1.786458269267663832e-08
6.099999900000000252e+00,7.495228748569860547e-09
6.224999900000000252e+00,5.488269740084601749e-09
6.349999900000000252e+00,3.966621155557830726e-09
6.474999900000000252e+00,3.001059155974066005e-09
6.599999900000001141e+00,6.417413187045835299e-09
6.724999900000001141e+00,6.263426988183040898e-09
6.849999900000001141e+00,4.042488608356105895e-09
6.974999900000001141e+00,6.091293863125328023e-09
7.099999900000001141e+00,4.778357994939044948e-09
7.224999900000001141e+00,4.199877163253715707e-09
7.349999900000001141e+00,3.989901798321939843e-09
7.474999900000001141e+00,2.484728347652546882e-09
7.599999900000001141e+00,3.349648150506357100e-09
7.724999900000001141e+00,3.917819025194645236e-09
7.849999900000001141e+00,3.453589911160776427e-09
7.974999900000001141e+00,2.452961646746991353e-09
8.100000400000000766e+00,3.025579077015466429e-09
8.225000400000000766e+00,3.053388316870736763e-09
8.350000400000000766e+00,2.351881304625801556e-09
8.475000400000000766e+00,2.706659678367938385e-09
8.600000400000000766e+00,2.454043369207299021e-09
8.725000400000000766e+00,2.155628385895787047e-09
8.850000400000000766e+00,1.715134928674214033e-09
8.975000400000000766e+00,1.639778330058565527e-09
9.100000400000000766e+00,2.251020047473075274e-09
9.225000400000000766e+00,1.973771315196832657e-09
9.350000400000000766e+00,1.542565048926375661e-09
9.475000400000000766e+00,1.570424210042974079e-09
9.600000400000000766e+00,2.366559210725067793e-09
9.725000400000000766e+00,1.971903043764597487e-09
9.850000400000000766e+00,2.084902816588178437e-09
9.975000400000000766e+00,2.592365572677403863e-09
1.009999999999999964e+01,3.062092350134823042e-09
1.022499999999999964e+01,2.735225381772985925e-09
1.034999999999999964e+01,2.582481963094022349e-09
1.047499999999999964e+01,2.743180523309619810e-09
1.059999999999999964e+01,6.458887460109855864e-09
1.072499999999999964e+01,9.536447923326745397e-09
1.084999999999999964e+01,5.923223257982438025e-09
1.097499999999999964e+01,3.460016027135638258e-09
1.109999999999999964e+01,2.590303855777085260e-09
1.122499999999999964e+01,2.831110018747080532e-09
1.134999999999999964e+01,3.040331665131718026e-09
1.147499999999999964e+01,4.000436590080462133e-09
1.159999999999999964e+01,4.313443334398941217e-09
1.172499999999999964e+01,5.427953974893668085e-09
1.184999999999999964e+01,1.354728678330820090e-08
1.197499999999999964e+01,1.703568915039164404e-08
1.209999999999999964e+01,9.843842213163437603e-09
1.222499999999999964e+01,5.322552821541920226e-09
1.234999999999999964e+01,5.919996002743964675e-09
1.247499999999999964e+01,5.973816657240472915e-09
1.259999999999999964e+01,5.396644709378158889e-09
1.272499999999999964e+01,6.186802175797897228e-09
1.284999999999999964e+01,5.332336742546354921e-09
1.297499999999999964e+01,4.572555097841760326e-09
1.309999999999999964e+01,5.377800604728776872e-09
1.322499999999999964e+01,6.152959776485555737e-09
1.334999999999999964e+01,3.317431355539166795e-09
1.347499999999999964e+01,3.307121926687162911e-09
1.359999999999999964e+01,4.761547748152917758e-09
1.372499999999999964e+01,6.439647970505418978e-09
1.384999999999999964e+01,4.863493457246425994e-09
1.397499999999999964e+01,3.616922166224339373e-09
1.409999999999999964e+01,4.642991828737693428e-09
1.422499999999999964e+01,5.517715413461634513e-09
1.434999999999999964e+01,9.018985570305509657e-09
1.447499999999999964e+01,1.980238437222696196e-08
1.459999999999999964e+01,1.752262526017066337e-08
1.472499999999999964e+01,3.789715069191310368e-09
1.484999999999999964e+01,5.164479134190801373e-09
1.497499999999999964e+01,5.463936528516663437e-09
1.509999999999999964e+01,5.781382238528138182e-09
1.522499999999999964e+01,6.310381634559634915e-09
1.534999999999999964e+01,1.844127683343033742e-08
1.547499999999999964e+01,1.914393897499374739e-08
1.559999999999999964e+01,9.384286092581046930e-09
1.572499999999999964e+01,8.015850268226463087e-09
1.584999999999999964e+01,1.010322809159465992e-08
1.597499999999999964e+01,1.211158720071024238e-08
1.610000000000000142e+01,1.635619255964879253e-08
1.622500000000000142e+01,2.501679964257244892e-08
1.635000000000000142e+01,2.799873114424132171e-08
1.647500000000000142e+01,1.329871863811298180e-07
1.660000000000000142e+01,1.339900573762517894e-07
1.672500000000000142e+01,2.952306715656049166e-08
1.685000000000000142e+01,1.180019516190046545e-08
1.697500000000000142e+01,1.451366918897966186e-08
1.710000000000000142e+01,1.236513881434235373e-08
1.722500000000000142e+01,4.865986982192934236e-09
1.735000000000000142e+01,3.527973910642251993e-09
1.747500000000000142e+01,2.432442170333720101e-09
1.760000000000000142e+01,3.017810607346271804e-09
1.772500000000000142e+01,2.814220689724470894e-09
1.785000000000000142e+01,2.328687659592616514e-09
1.797500000000000142e+01,3.247443750150190008e-09
1.810000000000000142e+01,4.391073394468437756e-09
1.822500000000000142e+01,2.807069431454653821e-09
1.835000000000000142e+01,1.490047723838797794e-09
1.847500000000000142e+01,1.546146856610147420e-09
1.860000000000000142e+01,1.313332981049894538e-09
1.872500000000000142e+01,1.509279610652735359e-09
1.885000000000000142e+01,1.436494194778067486e-09
1.897500000000000142e+01,1.179590278968943214e-09
1.910000000000000142e+01,1.194244093667895878e-09
1.922500000000000142e+01,1.417814851866674483e-09
1.935000000000000142e+01,1.449156569990055232e-09
1.947500000000000142e+01,2.102433219715840319e-09
1.960000000000000142e+01,2.915712471503499711e-09
1.972500000000000142e+01,5.880194701178291886e-09
1.985000000000000142e+01,1.052646177473012468e-08
1.997500000000000142e+01,8.499638017310923608e-09
2.010000000000000142e+01,8.232351726302034130e-09
2.022500000000000142e+01,8.649740641010797246e-09
2.035000000000000142e+01,5.272566525218015704e-09
2.047500000000000142e+01,3.952310474490449008e-09
2.060000000000000142e+01,3.547451630294626648e-09
2.072500000000000142e+01,2.637500108288625264e-09
2.085000000000000142e+01,3.402125846045460875e-09
2.097500000000000142e+01,4.506896187241753430e-09
2.110000000000000142e+01,2.407853591510241733e-09
2.122500000000000142e+01,2.485317298741439552e-09
2.135000000000000142e+01,1.993641032943431211e-09
2.147500000000000142e+01,1.586707235846859427e-09
2.160000000000000142e+01,1.370465176697435452e-09
2.172500000000000142e+01,1.308130566450570024e-09
2.185000000000000142e+01,1.602044958651654812e-09
2.197500000000000142e+01,1.400474066698756874e-09
2.210000000000000142e+01,1.245868096783797261e-09
2.222500000000000142e+01,1.191736079484272299e-09
2.235000000000000142e+01,1.307332741020732064e-09
2.247500000000000142e+01,1.812215109993644261e-09
2.260000000000000142e+01,2.048552318420305389e-09
2.272500000000000142e+01,1.521808033877865160e-09
2.285000000000000142e+01,1.119014876375020004e-09
2.297500000000000142e+01,1.157371060645162489e-09
2.310000000000000142e+01,9.393238275206614816e-10
2.322500000000000142e+01,8.157797749782308605e-10
2.335000000000000142e+01,7.605957691531337459e-10
2.347500000000000142e+01,1.537612637893079578e-09
2.360000000000000142e+01,1.601482018723002332e-09
2.372500000000000142e+01,3.598676403224718449e-09
2.385000000000000142e+01,8.655749559271475690e-09
2.397500000000000142e+01,1.237931626692095577e-08
2.410000000000000142e+01,1.095040538473568276e-08
2.422500000000000142e+01,2.135990869785641657e-09
2.435000000000000142e+01,1.843101218087966462e-09
2.447500000000000142e+01,1.771869466907446851e-09
2.460000000000000142e+01,1.986713154371003746e-09
2.472500000000000142e+01,2.240111138132549339e-09
2.485000000000000142e+01,2.124687851088937955e-09
2.497500000000000142e+01,1.600436015151797195e-09
2.510000000000000142e+01,1.586358558359963978e-09
2.522500000000000142e+01,2.315576940786343944e-09
2.535000000000000142e+01,4.092798612279950460e-09
2.547500000000000142e+01,4.251500096008648488e-09
2.560000000000000142e+01,2.351600231195683803e-09
2.572500000000000142e+01,2.387377255423126411e-09
2.585000000000000142e+01,1.496342577695920602e-09
2.597500000000000142e+01,2.024746116787329501e-09
2.610000000000000142e+01,2.423811103017099995e-09
2.622500000000000142e+01,3.138033131772347221e-09
2.635000000000000142e+01,2.269705294818947785e-09
2.647500000000000142e+01,1.648850038379885831e-09
2.660000000000000142e+01,1.682835668396036095e-09
2.672500000000000142e+01,1.664863724461189569e-09
2.685000000000000142e+01,1.865304761210826844e-09
2.697500000000000142e+01,2.177347987052414755e-09
2.710000000000000142e+01,2.035343295312453849e-09
2.722500000000000142e+01,2.203388214458763925e-09
2.735000000000000142e+01,2.738043577591000259e-09
2.747500000000000142e+01,2.378766922486761323e-09
2.760000000000000142e+01,2.276263711314937524e-09
2.772500000000000142e+01,2.541338892634905313e-09
2.785000000000000142e+01,2.336429003323560476e-09
2.797500000000000142e+01,2.412917737107600696e-09
2.810000000000000142e+01,2.467685006623195299e-09
2.822500000000000142e+01,1.992848565174106957e-09
2.835000000000000142e+01,1.618921854881362780e-09
2.847500000000000142e+01,1.683623954571597332e-09
2.860000000000000142e+01,1.697333352888291157e-09
2.872500000000000142e+01,2.122863490354997675e-09
2.885000000000000142e+01,1.858452833379970123e-09
2.897500000000000142e+01,1.786380701820430765e-09
2.910000000000000142e+01,2.823701714763562383e-09
2.922500000000000142e+01,4.360439828370343927e-09
2.935000000000000142e+01,5.769817286994168302e-09
2.947500000000000142e+01,1.764485410479591212e-08
2.960000000000000142e+01,1.801237590249387855e-08
2.972500000000000142e+01,8.605807540460564532e-09
2.985000000000000142e+01,1.239761448148104482e-08
2.997500000000000142e+01,1.357727972830406045e-08
3.010000000000000142e+01,3.839672281746186607e-09
3.022500000000000142e+01,1.372170095206008853e-09
3.035000000000000142e+01,3.107081949891378559e-09
3.047500000000000142e+01,3.328025123675613768e-09
3.060000000000000142e+01,2.355953406507430049e-09
3.072500000000000142e+01,2.311346381933577995e-09
3.085000000000000142e+01,1.901470089387278202e-09
3.097500000000000142e+01,1.848556475692493469e-09
3.110000000000000142e+01,2.034829280865735285e-09
3.122500000000000142e+01,1.871772552202420934e-09
3.135000000000000142e+01,1.567414294801552001e-09
3.147500000000000142e+01,1.553075920366488160e-09
3.160000000000000142e+01,2.363199899010829544e-09
3.172500000000000142e+01,2.074547102156755928e-09
3.185000000000000142e+01,1.252763066283139140e-09
3.197500000000000142e+01,9.022422655715490645e-10
3.209999799999999937e+01,1.001538871354551441e-09
3.222499799999999937e+01,1.427784491432590949e-09
3.234999799999999937e+01,1.244990588842715181e-09
3.247499799999999937e+01,1.737114307244330900e-09
3.259999799999999937e+01,1.813289449976160119e-09
3.272499799999999937e+01,1.542003760802684330e-09
3.284999799999999937e+01,2.291242015353019200e-09
3.297499799999999937e+01,1.740573690674110649e-09
3.309999799999999937e+01,3.333389345638431317e-09
3.322499799999999937e+01,2.175233836682699158e-09
3.334999799999999937e+01,1.836974323592040007e-09
3.347499799999999937e+01,1.870614867991777937e-09
3.359999799999999937e+01,1.792630032510333897e-09
3.372499799999999937e+01,2.378110291734506775e-09
3.384999799999999937e+01,2.542282761796403774e-09
3.397499799999999937e+01,2.428378466031862661e-09
3.409999799999999937e+01,2.166808969676345783e-09
3.422499799999999937e+01,1.863247514969706936e-09
3.434999799999999937e+01,2.968117923119502530e-09
3.447499799999999937e+01,2.838984126283017643e-09
3.459999799999999937e+01,2.693830192002309177e-09
3.472499799999999937e+01,3.254926297460135837e-09
3.484999799999999937e+01,2.882667791240384018e-09
3.497499799999999937e+01,3.929675312959825954e-09
3.509999799999999937e+01,3.998381811214629115e-09
3.522499799999999937e+01,2.905005363826809750e-09
3.534999799999999937e+01,3.182629068779253049e-09
3.547499799999999937e+01,3.065866458478985904e-09
3.559999799999999937e+01,3.350295435581670029e-09
3.572499799999999937e+01,6.988161158544204501e-09
3.584999799999999937e+01,9.062946803185025272e-09
3.597499799999999937e+01,6.360086523561023614e-09
3.609999799999999937e+01,5.261065952344636272e-09
3.622499799999999937e+01,6.366381499066689379e-09
3.634999799999999937e+01,6.606426963271824413e-09
3.647499799999999937e+01,5.202470917061720554e-09
3.659999799999999937e+01,4.803027236441834430e-09
3.672499799999999937e+01,3.512361345068044862e-09
3.684999799999999937e+01,4.420625414851534120e-09
3.697499799999999937e+01,4.765157208258942278e-09
3.709999799999999937e+01,3.981515955665303840e-09
3.722499799999999937e+01,3.647840104786564697e-09
3.734999799999999937e+01,2.260067446699107690e-09
3.747499799999999937e+01,3.089596323924121569e-09
3.759999799999999937e+01,4.512262333438327307e-09
3.772499799999999937e+01,2.862072752685655551e-09
3.784999799999999937e+01,2.108164831388519124e-09
3.797499799999999937e+01,3.016610573356531260e-09
3.809999799999999937e+01,3.317390226000974493e-09
3.822499799999999937e+01,2.130784187706620875e-09
3.834999799999999937e+01,1.427839411596730685e-09
3.847499799999999937e+01,1.513071051557480954e-09
3.859999799999999937e+01,1.638322830218063604e-09
3.872499799999999937e+01,1.631712145939883852e-09
3.884999799999999937e+01,1.208866345689857399e-09
3.897499799999999937e+01,1.348962534343991888e-09
3.909999799999999937e+01,1.599452683645352740e-09
3.922499799999999937e+01,1.720353552311640030e-09
3.934999799999999937e+01,1.334085028857051336e-09
3.947499799999999937e+01,1.518601037459429095e-09
3.959999799999999937e+01,1.980916151470114843e-09
3.972499799999999937e+01,2.425672309069829313e-09
3.984999799999999937e+01,1.437619937564679346e-09
3.997499799999999937e+01,1.523290622242361210e-09
4.009999799999999937e+01,1.522950484347623732e-09
4.022499799999999937e+01,1.323946427770096206e-09
4.034999799999999937e+01,1.457399796480950223e-09
4.047499799999999937e+01,1.311901515618435604e-09
4.059999799999999937e+01,1.092114868023243939e-09
4.072499799999999937e+01,9.952294990725985267e-10
4.084999799999999937e+01,1.017622590089240800e-09
4.097499799999999937e+01,9.134989029173551369e-10
4.109999799999999937e+01,1.062147726594853021e-09
4.122499799999999937e+01,1.156126229600619184e-09
4.134999799999999937e+01,8.144061239082898073e-10
4.147499799999999937e+01,1.184044137945295160e-09
4.159999799999999937e+01,1.166021454503403609e-09
4.172499799999999937e+01,1.122956133787431872e-09
4.184999799999999937e+01,1.286293639062083264e-09
4.197499799999999937e+01,8.287787122361967059e-10
4.209999799999999937e+01,6.790347517066964726e-10
4.222499799999999937e+01,7.612847086752904876e-10
4.234999799999999937e+01,8.800358940748077982e-10
4.247499799999999937e+01,1.196207586018281506e-09
4.259999799999999937e+01,9.900836238254431055e-10
4.272499799999999937e+01,7.000638410001768596e-10
4.284999799999999937e+01,8.700967550774983899e-10
4.297499799999999937e+01,8.658102543981936686e-10
4.309999799999999937e+01,7.664346144503457126e-10
4.322499799999999937e+01,1.202012399832320572e-09
4.334999799999999937e+01,1.106817487220796077e-09
4.347499799999999937e+01,7.140652479394095817e-10
4.359999799999999937e+01,7.292776116014472998e-10
4.372499799999999937e+01,7.986789313070307398e-10
4.384999799999999937e+01,8.705881146491680608e-10
4.397499799999999937e+01,8.221484765233832022e-10
4.409999799999999937e+01,7.742277930165189363e-10
4.422499799999999937e+01,9.464342515858647958e-10
4.434999799999999937e+01,1.028763707724871836e-09
4.447499799999999937e+01,8.139971110026474689e-10
4.459999799999999937e+01,7.146372445648528044e-10
4.472499799999999937e+01,5.778843318882132792e-10
4.484999799999999937e+01,6.442433786139574532e-10
4.497499799999999937e+01,8.381426554625882478e-10
4.509999799999999937e+01,7.956310177701740475e-10
4.522499799999999937e+01,6.516645597198477275e-10
4.534999799999999937e+01,5.710087849780782056e-10
4.547499799999999937e+01,6.475705136163591562e-10
4.559999799999999937e+01,7.332136060183512810e-10
4.572499799999999937e+01,4.919307372071253339e-10
4.584999799999999937e+01,5.797922842014189142e-10
4.597499799999999937e+01,7.697462876548995059e-10
4.609999799999999937e+01,7.453843778009111161e-10
4.622499799999999937e+01,6.551730121994761345e-10
4.634999799999999937e+01,5.198981003943461022e-10
4.647499799999999937e+01,4.137721164872968711e-10
4.659999799999999937e+01,4.720612809946147237e-10
4.672499799999999937e+01,5.218763725905258012e-10
4.684999799999999937e+01,5.585571912066493838e-10
4.697499799999999937e+01,7.057053298016360056e-10
4.709999799999999937e+01,7.281730571991369388e-10
4.722499799999999937e+01,5.218649627899951764e-10
4.734999799999999937e+01,7.163791929031168892e-10
4.747499799999999937e+01,7.720390571545846201e-10
4.759999799999999937e+01,6.260818274738824923e-10
4.772499799999999937e+01,2.044535029715498302e-09
4.784999799999999937e+01,3.038883543249733932e-09
4.797499799999999937e+01,1.310431700079709519e-09
4.809999799999999937e+01,7.417164646655760162e-10
4.822499799999999937e+01,6.782420090600013471e-10
4.834999799999999937e+01,4.985993247020154291e-10
4.847499799999999937e+01,4.876287789694011416e-10
4.859999799999999937e+01,6.011868711691356139e-10
4.872499799999999937e+01,6.903543721025166450e-10
4.884999799999999937e+01,6.723125080689966371e-10
4.897499799999999937e+01,7.807406000787671566e-10
4.909999799999999937e+01,9.513193745692756670e-10
4.922499799999999937e+01,6.342206434950321293e-10
4.934999799999999937e+01,5.375052786401999651e-10
4.947499799999999937e+01,8.501982818765239571e-10
4.959999799999999937e+01,1.019946738008838471e-09
4.972499799999999937e+01,6.797987797258758745e-10
4.984999799999999937e+01,7.514491893838649416e-10
4.997499799999999937e+01,4.541204226526854948e-10
5.009999799999999937e+01,5.541895962437247614e-10
5.022499799999999937e+01,7.744290527424903235e-10
5.034999799999999937e+01,6.967004609545576019e-10
5.047499799999999937e+01,5.681744596541412362e-10
5.059999799999999937e+01,6.269348236908300465e-10
5.072499799999999937e+01,7.826531885385035082e-10
5.084999799999999937e+01,8.317021433411683534e-10
5.097499799999999937e+01,1.368116420303672275e-09
5.109999799999999937e+01,1.289698555779161203e-09
5.122499799999999937e+01,6.391433686334702757e-10
5.134999799999999937e+01,5.169111403100961958e-10
5.147499799999999937e+01,5.628583223774481061e-10
5.159999799999999937e+01,4.678333215861219576e-10
5.172499799999999937e+01,4.289010121371478148e-10
5.184999799999999937e+01,6.123056860621632248e-10
5.197499799999999937e+01,6.121895041401475108e-10
5.209999799999999937e+01,5.527485945558437424e-10
5.222499799999999937e+01,6.778056407253216696e-10
5.234999799999999937e+01,7.451240955850150613e-10
5.247499799999999937e+01,6.343920493360762512e-10
5.259999799999999937e+01,4.179808252202723473e-10
5.272499799999999937e+01,6.614706856632887773e-10
5.284999799999999937e+01,8.812141868095532639e-10
5.297499799999999937e+01,1.036740051175317456e-09
5.309999799999999937e+01,1.393246689306112576e-09
5.322499799999999937e+01,8.210676406605982982e-10
5.334999799999999937e+01,8.089395950304821799e-10
5.347499799999999937e+01,8.604343224484381804e-10
5.359999799999999937e+01,9.448183227405368568e-10
5.372499799999999937e+01,8.335210493667858543e-10
5.384999799999999937e+01,4.590040020951867118e-10
5.397499799999999937e+01,4.234429336974003627e-10
5.409999799999999937e+01,3.688195606818264486e-10
5.422499799999999937e+01,4.103724880836601057e-10
5.434999799999999937e+01,5.461044567688740408e-10
5.447499799999999937e+01,5.899925932417149322e-10
5.459999799999999937e+01,6.372195933547645964e-10
5.472499799999999937e+01,6.054223658912947130e-10
5.484999799999999937e+01,5.258116382634912951e-10
5.497499799999999937e+01,4.663947743614705939e-10
5.509999799999999937e+01,5.914829110999777948e-10
5.522499799999999937e+01,4.433814605502871379e-10
5.534999799999999937e+01,5.095807288974251713e-10
5.547499799999999937e+01,5.436978653148336224e-10
5.559999799999999937e+01,5.605815925840862725e-10
5.572499799999999937e+01,4.874482741363675802e-10
5.584999799999999937e+01,4.635147740230370450e-10
5.597499799999999937e+01,4.002634010816058277e-10
5.609999799999999937e+01,4.729031830528840595e-10
5.622499799999999937e+01,3.898122737101867550e-10
5.634999799999999937e+01,3.853324418470115012e-10
5.647499799999999937e+01,4.643170919995625835e-10
5.659999799999999937e+01,6.089900468339034416e-10
5.672499799999999937e+01,6.421197286747268826e-10
5.684999799999999937e+01,5.800195466747699097e-10
5.697499799999999937e+01,3.453008279723493415e-10
5.709999799999999937e+01,3.081906506011233161e-10
5.722499799999999937e+01,3.571359370339433509e-10
5.734999799999999937e+01,3.398325687953416943e-10
5.747499799999999937e+01,4.677082280846462365e-10
5.759999799999999937e+01,3.423917869349813006e-10
5.772499799999999937e+01,2.671465004284043084e-10
5.784999799999999937e+01,3.759910778520698375e-10
5.797499799999999937e+01,4.204599960769899767e-10
5.809999799999999937e+01,3.253666640991499233e-10
5.822499799999999937e+01,2.731688276460996871e-10
5.834999799999999937e+01,2.708319185376602821e-10
5.847499799999999937e+01,2.361390593893075707e-10
5.859999799999999937e+01,2.707122594201614098e-10
5.872499799999999937e+01,3.824270186299353779e-10
5.884999799999999937e+01,3.677499185975091732e-10
5.897499799999999937e+01,2.012841093107410104e-10
5.909999799999999937e+01,1.774670274603543984e-10
5.922499799999999937e+01,1.913540411053806550e-10
5.934999799999999937e+01,1.569803865202850121e-10
5.947499799999999937e+01,8.499036826456662441e-11
5.959999799999999937e+01,9.683509100138123823e-11
5.972499799999999937e+01,1.478799637748180849e-10
5.984999799999999937e+01,8.537295916972643345e-10
5.997499799999999937e+01,1.267404319340075720e-09
6.009999799999999937e+01,5.194855913808860424e-10
6.022499799999999937e+01,8.192119098331515554e-11
6.034999799999999937e+01,6.379965005788375371e-11
6.047499799999999937e+01,1.036320364581181310e-10
6.059999799999999937e+01,1.128955001037654709e-10
6.072499799999999937e+01,1.084015001007399956e-10
6.084999799999999937e+01,1.606016501512952397e-10
6.097499799999999937e+01,1.508350455989066505e-10
6.109999799999999937e+01,2.260915456747966745e-10
6.122499799999999937e+01,2.232290138580500947e-10
6.134999799999999937e+01,2.526877275288582041e-10
6.147499799999999937e+01,2.220464138663090106e-10
6.159999799999999937e+01,2.614268639131470129e-10
6.172499799999999937e+01,2.539438139113736934e-10
6.184999799999999937e+01,1.867138774796172873e-10
6.197499799999999937e+01,1.978587229516260854e-10
6.209999799999999937e+01,3.102444049054529292e-10
6.222499799999999937e+01,3.262660049328410403e-10
6.234999799999999937e+01,2.768296457908084832e-10
6.247499799999999937e+01,3.729177095542060269e-10
6.259999799999999937e+01,3.836127459418274919e-10
6.272499799999999937e+01,3.448771368113842062e-10
6.284999799999999937e+01,3.381585004485356226e-10
6.297499799999999937e+01,4.582543188025515350e-10
6.309999799999999937e+01,4.497862642582808587e-10
6.322499799999999937e+01,5.159797734551988898e-10
6.334999799999999937e+01,3.882766732858987593e-10
6.347499799999999937e+01,4.564408643057623607e-10
6.359999799999999937e+01,3.648451187269787174e-10
6.372499799999999937e+01,2.419802140045834676e-10
6.384999799999999937e+01,3.033920868335744094e-10
6.397499799999999937e+01,3.089475732141624031e-10
6.409999799999999937e+01,3.738927051447010747e-10
6.422499799999999937e+01,3.847818869905285738e-10
6.434999799999999937e+01,3.863732460941563203e-10
6.447499799999999937e+01,4.728637280677701219e-10
6.459999799999999937e+01,5.961506828357782992e-10
6.472499799999999937e+01,4.399764871257817142e-10
6.484999799999999937e+01,4.317924280314800596e-10
6.497499799999999937e+01,4.734207735708453594e-10
6.509999799999999937e+01,4.859484554231672025e-10
6.522499799999999937e+01,5.372472737105254525e-10
6.534999799999999937e+01,4.815700918018314091e-10
6.547499799999999937e+01,5.416549101076579080e-10
6.559999799999999937e+01,4.384715326513109683e-10
6.572499799999999937e+01,4.973771373199392316e-10
6.584999799999999937e+01,4.492055326918698633e-10
6.597499799999999937e+01,5.362862737820879770e-10
6.609999799999999937e+01,6.467673194678946519e-10
6.622499799999999937e+01,7.435354105851949459e-10
6.634999799999999937e+01,7.065914105257101011e-10
6.647499799999999937e+01,6.697221377373326950e-10
6.659999799999999937e+01,4.397101509107936530e-10
6.672499799999999937e+01,6.071519103605952702e-10
6.684999799999999937e+01,6.998348196589916055e-10
6.697499799999999937e+01,6.369862286294687904e-10
6.709999799999999937e+01,5.453974102628578775e-10
6.722499799999999937e+01,5.422171829933429524e-10
6.734999799999999937e+01,4.482403827978219261e-10
6.747499799999999937e+01,4.919381829021164620e-10
6.759999799999999937e+01,6.417921832435665766e-10
6.772499799999999937e+01,3.734166417448614667e-10
6.784999799999999937e+01,4.278740555103452215e-10
6.797499799999999937e+01,3.422670416866106142e-10
6.809999799999999937e+01,3.572057508172719088e-10
6.822499799999999937e+01,4.571730465078408651e-10
6.834999799999999937e+01,4.612953192518381797e-10
6.847499799999999937e+01,5.810541831749219362e-10
6.859999799999999937e+01,4.627973647239508479e-10
6.872499799999999937e+01,5.457900467452283886e-10
6.884999799999999937e+01,5.491875467612123489e-10
6.897499799999999937e+01,4.262017737473690005e-10
6.909999799999999937e+01,5.312897740062770797e-10
6.922499799999999937e+01,5.310359558310783201e-10
6.934999799999999937e+01,5.975942287274556524e-10
6.947499799999999937e+01,6.272715924442539793e-10
6.959999799999999937e+01,5.422942286068525068e-10
6.972499799999999937e+01,4.481562011081394453e-10
6.984999799999999937e+01,4.681054102541090307e-10
6.997499799999999937e+01,3.951663009866878669e-10
7.009999799999999937e+01,3.209881189870532803e-10
7.022499799999999937e+01,4.015849555574794806e-10
7.034999799999999937e+01,4.319557510934034350e-10
7.047499799999999937e+01,4.529968329698100404e-10
7.059999799999999937e+01,4.728448193889684632e-10
7.072499799999999937e+01,6.502124107576737160e-10
7.084999799999999937e+01,5.930618651626897302e-10
7.097499799999999937e+01,5.096777740440862570e-10
7.109999799999999937e+01,7.091967745664796011e-10
7.122499799999999937e+01,5.668711378391333789e-10
7.134999799999999937e+01,4.089488692500588773e-10
7.147499799999999937e+01,5.132830922545174888e-10
7.159999799999999937e+01,7.224591382637388987e-10
7.172499799999999937e+01,7.132235927910445031e-10
7.184999799999999937e+01,5.681165924129239047e-10
7.197499799999999937e+01,5.719481378822876212e-10
7.209999799999999937e+01,6.316210471366711518e-10
7.222499799999999937e+01,6.006393652406358050e-10
7.234999799999999937e+01,5.811321379201906876e-10
7.247499799999999937e+01,6.694030017979002320e-10
7.259999799999999937e+01,6.058364561769508075e-10
7.272499799999999937e+01,5.598253651478383206e-10
7.284999799999999937e+01,5.815653197559100915e-10
7.297499799999999937e+01,4.713652285516332649e-10
7.309999799999999937e+01,2.077322596558477859e-10
7.322499799999999937e+01,3.818900555863800112e-10
7.334999799999999937e+01,6.173876835047006450e-10
7.347499799999999937e+01,5.988350925484014179e-10
7.359999799999999937e+01,6.420601835794266416e-10
7.372499799999999937e+01,5.273966378132137194e-10
7.384999799999999937e+01,7.388214111254847026e-10
7.397499799999999937e+01,5.801995470552572682e-10
7.409999799999999937e+01,5.340385923850733191e-10
7.422499799999999937e+01,4.222497102599315455e-10
7.434999799999999937e+01,4.764843649577189715e-10
7.447499799999999937e+01,5.319238651138067255e-10
7.459999799999999937e+01,5.372758196764096543e-10
7.472499799999999937e+01,6.710225927784818761e-10
7.484999799999999937e+01,6.455028654371964253e-10
7.497499799999999937e+01,5.170375014443896307e-10
7.509999799999999937e+01,4.952620922944415533e-10
7.522499799999999937e+01,4.986770013966319642e-10
7.534999799999999937e+01,5.071490468765874706e-10
7.547499799999999937e+01,4.270441693806000967e-10
7.559999799999999937e+01,4.412423376036091683e-10
7.572499799999999937e+01,3.732117965044144524e-10
7.584999799999999937e+01,5.360010469638182935e-10
7.597499799999999937e+01,5.197309105557189025e-10
7.609999799999999937e+01,6.915923201327034302e-10
7.622499799999999937e+01,5.496004106425317840e-10
7.634999799999999937e+01,5.334475924162794281e-10
7.647499799999999937e+01,6.754932746371823713e-10
7.659999799999999937e+01,5.246526833026107115e-10
7.672499799999999937e+01,5.267395469458255751e-10
7.684999799999999937e+01,8.385270932844900508e-10
7.697499799999999937e+01,6.965505928833718903e-10
7.709999799999999937e+01,6.008856835221673789e-10
7.722499799999999937e+01,4.650014104101597522e-10
7.734999799999999937e+01,5.135079560029285832e-10
7.747499799999999937e+01,7.356070020886314410e-10
7.759999799999999937e+01,6.678764109878615908e-10
7.772499799999999937e+01,5.105893650870015705e-10
7.784999799999999937e+01,5.550897288501923029e-10
7.797499799999999937e+01,4.463895103597375243e-10
7.809999799999999937e+01,3.760456737963395836e-10
7.822499799999999937e+01,4.583955013033571118e-10
7.834999799999999937e+01,5.536069106651346913e-10
7.847499799999999937e+01,5.291493196865877263e-10
7.859999799999999937e+01,4.776748195402393998e-10
7.872499799999999937e+01,5.177352287450545786e-10
7.884999799999999937e+01,5.687782288901324280e-10
7.897499799999999937e+01,5.573263652210717911e-10
7.909999799999999937e+01,6.733195928233906049e-10
7.922499799999999937e+01,6.249690926856562465e-10
7.934999799999999937e+01,6.116566835565820870e-10
7.947499799999999937e+01,4.647440922296595104e-10
7.959999799999999937e+01,6.039440017156728015e-10
7.972499799999999937e+01,6.013666835260485008e-10
7.984999799999999937e+01,6.449570927401749283e-10
7.997499799999999937e+01,4.900119104816084120e-10
8.009999799999999937e+01,4.139466966289207307e-10
8.022499799999999937e+01,2.653890280253335777e-10
8.034999799999999937e+01,4.067595693348253439e-10
8.047499799999999937e+01,5.020045014223230124e-10
8.059999799999999937e+01,6.055391835329936827e-10
8.072499799999999937e+01,5.498640015563261930e-10
8.084999799999999937e+01,3.441786873372526693e-10
8.097499799999999937e+01,3.368474327705027101e-10
8.109999799999999937e+01,4.246319921088580780e-10
8.122499799999999937e+01,6.163325926493803399e-10
8.134999799999999937e+01,6.184618653815012690e-10
8.147499799999999937e+01,5.034328196013885254e-10
8.159999799999999937e+01,4.895181831975217067e-10
8.172499799999999937e+01,5.738997288886262783e-10
8.184999799999999937e+01,6.489459109167008868e-10
8.197499799999999937e+01,5.474318197207741019e-10
8.209999799999999937e+01,5.898893198387670792e-10
8.222499799999999937e+01,6.060601835191099964e-10
8.234999799999999937e+01,4.095587738757102278e-10
8.247499799999999937e+01,4.025446056732114129e-10
8.259999799999999937e+01,4.636933649342367898e-10
8.272499799999999937e+01,5.186051378138358729e-10
8.284999799999999937e+01,5.974340016690150470e-10
8.297499799999999937e+01,5.153460014382634444e-10
8.309999799999999937e+01,4.209865966282728184e-10
8.322499799999999937e+01,2.622341961849068176e-10
8.334999799999999937e+01,5.095945014177933420e-10
8.347499799999999937e+01,6.732858655075538296e-10
8.359999799999999937e+01,4.560928194479887453e-10
8.372499799999999937e+01,4.112164556857588664e-10
8.384999799999999937e+01,4.061073147612096961e-10
8.397499799999999937e+01,5.162282287009199403e-10
8.409999799999999937e+01,4.102302738608641155e-10
8.422499799999999937e+01,6.775692291427949550e-10
8.434999799999999937e+01,5.604349560903345224e-10
8.447499799999999937e+01,3.573771328020873486e-10
8.459999799999999937e+01,4.136333329555225782e-10
8.472499799999999937e+01,3.462283554962291293e-10
8.484999799999999937e+01,3.197287281495828246e-10
8.497499799999999937e+01,3.506728145968062350e-10
8.509999799999999937e+01,4.182940284168322172e-10
8.522499799999999937e+01,5.773114106677971977e-10
8.534999799999999937e+01,5.600866378913583175e-10
8.547499799999999937e+01,4.989140468135010699e-10
8.559999799999999937e+01,5.812648197628332384e-10
8.572499799999999937e+01,4.184104556818750840e-10
8.584999799999999937e+01,3.770462464771270029e-10
8.597499799999999937e+01,5.879629106831632375e-10
8.609999799999999937e+01,5.520723196746471512e-10
8.622499799999999937e+01,5.461453651109368647e-10
8.634999799999999937e+01,6.156944107507245880e-10
8.647499799999999937e+01,5.267013195995307820e-10
8.659999799999999937e+01,5.341672741628381990e-10
8.672499799999999937e+01,5.491320469280017281e-10
8.684999799999999937e+01,4.462193421044997750e-10
8.697499799999999937e+01,5.280504559578095040e-10
8.709999799999999937e+01,5.608614105885840247e-10
8.722499799999999937e+01,3.944047828696368828e-10
8.734999799999999937e+01,5.233856832111786004e-10
8.747499799999999937e+01,4.579548193986312383e-10
8.759999799999999937e+01,5.102980013536032855e-10
8.772499799999999937e+01,4.759742739876789742e-10
8.784999799999999937e+01,4.031753056112503042e-10
8.797499799999999937e+01,5.811920924428115253e-10
8.809999799999999937e+01,5.517791832717383762e-10
8.822499799999999937e+01,4.764657285256723742e-10
8.834999799999999937e+01,5.662274560317960965e-10
8.847499799999999937e+01,4.548669102827907581e-10
8.859999799999999937e+01,5.743962287750919852e-10
8.872499799999999937e+01,6.494390471500966342e-10
8.884999799999999937e+01,5.420366832307322619e-10
8.897499799999999937e+01,3.152322326381605392e-10
8.909999799999999937e+01,5.223878649926635223e-10
8.922499799999999937e+01,4.085416374223630222e-10
8.934999799999999937e+01,3.612560009344189627e-10
8.947499799999999937e+01,5.509666832405930708e-10
8.959999799999999937e+01,5.364181832003813873e-10
8.972499799999999937e+01,6.563019562333008791e-10
8.984999799999999937e+01,5.340453195525846950e-10
8.997499799999999937e+01,4.856699103350718940e-10
9.009999799999999937e+01,6.447306834665699510e-10
9.022499799999999937e+01,5.678134105397692826e-10
9.034999799999999937e+01,3.429896008734461148e-10
9.047499799999999937e+01,4.254429147176117470e-10
9.059999799999999937e+01,5.483784559363295410e-10
9.072499799999999937e+01,5.980626378774512131e-10
9.084999799999999937e+01,5.067498649164313396e-10
9.097499799999999937e+01,5.474198195617823372e-10
9.109999799999999937e+01,5.556268195795805660e-10
9.122499799999999937e+01,5.329164104287579960e-10
9.134999799999999937e+01,4.837445012118724478e-10
9.147499799999999937e+01,5.609210014022662195e-10
9.159999799999999937e+01,5.806042741756839748e-10
9.172499799999999937e+01,4.038468873689612492e-10
9.184999799999999937e+01,3.504406599614264226e-10
9.197499799999999937e+01,4.427366465519755582e-10
9.209999799999999937e+01,4.731917284431217516e-10
9.222499799999999937e+01,4.968308194080220554e-10
9.234999799999999937e+01,5.034287739670582204e-10
9.247499799999999937e+01,4.693097284259621921e-10
9.259999799999999937e+01,5.021980012313410249e-10
9.272499799999999937e+01,7.490303654688615015e-10
9.284999799999999937e+01,7.326435472429792660e-10
9.297499799999999937e+01,5.388859558579833298e-10
9.309999799999999937e+01,4.100377282691944988e-10
9.322499799999999937e+01,4.830669102622126922e-10
9.334999799999999937e+01,4.447744828942025550e-10
9.347499799999999937e+01,5.215100921678938494e-10
9.359999799999999937e+01,6.644784106911522235e-10
9.372499799999999937e+01,5.559702740631378014e-10
9.384999799999999937e+01,5.936955923323255147e-10
9.397499799999999937e+01,6.228202742168840335e-10
9.409999799999999937e+01,5.406695012901359216e-10
9.422499799999999937e+01,4.636397738310301101e-10
9.434999799999999937e+01,4.766016829501490909e-10
9.447499799999999937e+01,4.676074556534581428e-10
9.459999799999999937e+01,4.230622873637317551e-10
9.472499799999999937e+01,3.480911644572887684e-10
9.484999799999999937e+01,3.687837463222102384e-10
9.497499799999999937e+01,5.842518650077064889e-10
9.509999799999999937e+01,5.049489102732840368e-10
9.522499799999999937e+01,5.296839103282310785e-10
9.534999799999999937e+01,6.533700015225781072e-10
9.547499799999999937e+01,4.718165465513876252e-10
9.559999799999999937e+01,3.624196099313936352e-10
9.572499799999999937e+01,4.281754328087470618e-10
9.584999799999999937e+01,5.141407284592691856e-10
9.597499799999999937e+01,4.778103192818180168e-10
9.609999799999999937e+01,5.180128193714436529e-10
9.622499799999999937e+01,4.356000100888083008e-10
9.634999799999999937e+01,5.103947284390815540e-10
9.647499799999999937e+01,4.915423193023065876e-10
9.659999799999999937e+01,4.698482283410995801e-10
9.672499799999999937e+01,7.393157744041846837e-10
9.684999799999999937e+01,6.309348196093199888e-10
9.697499799999999937e+01,4.834037738182375295e-10
9.709999799999999937e+01,4.169598100295513964e-10
9.722499799999999937e+01,5.146815011557036517e-10
9.734999799999999937e+01,4.177359827538209792e-10
9.747499799999999937e+01,4.648697283112912427e-10
9.759999799999999937e+01,5.015521829358432668e-10
9.772499799999999937e+01,5.639246376170785053e-10
9.784999799999999937e+01,6.150266377271614341e-10
9.797499799999999937e+01,4.827705919766523197e-10
9.809999799999999937e+01,4.286640009454721753e-10
9.822499799999999937e+01,3.505870053167207075e-10
9.834999799999999937e+01,3.636165507978581641e-10
9.847499799999999937e+01,4.871770465207472949e-10
9.859999799999999937e+01,5.182407284039596674e-10
9.872499799999999937e+01,4.406011964137930185e-10
9.884999799999999937e+01,4.598850464531556968e-10
9.897499799999999937e+01,5.252774102285214771e-10
9.909999799999999937e+01,5.196491829406440624e-10
9.922499799999999937e+01,4.369532418504377042e-10
9.934999799999999937e+01,6.501631377606071024e-10
9.947499799999999937e+01,1.252951229957741617e-09
9.959999799999999937e+01,7.619533652648555163e-10
9.972499799999999937e+01,4.760863646511738994e-10
9.984999799999999937e+01,5.899490921632510037e-10
9.997499799999999937e+01,6.801888650784934590e-10
1.000999999999999943e+02,3.742924189732613233e-10
